[
  {
    "elementType": "labels",
    "stylers": [
      {
        "visibility": "off"
      }
    ]
  },
  {
    "featureType": "administrative.country",
    "elementType": "geometry.fill",
    "stylers": [
      {
        "color": "#fffb85"
      }
    ]
  },
  {
    "featureType": "administrative.land_parcel",
    "stylers": [
      {
        "visibility": "off"
      }
    ]
  },
  {
    "featureType": "administrative.locality",
    "elementType": "geometry",
    "stylers": [
      {
        "color": "#fffb85"
      }
    ]
  },
  {
    "featureType": "administrative.neighborhood",
    "elementType": "geometry",
    "stylers": [
      {
        "color": "#fffb85"
      }
    ]
  },
  {
    "featureType": "administrative.province",
    "elementType": "geometry.fill",
    "stylers": [
      {
        "color": "#fffb85"
      }
    ]
  },
  {
    "featureType": "landscape.man_made",
    "elementType": "geometry",
    "stylers": [
      {
        "visibility": "on"
      },
      {
        "weight": 1.5
      }
    ]
  },
  {
    "featureType": "landscape.man_made",
    "elementType": "geometry.fill",
    "stylers": [
      {
        "color": "#fffca3"
      },
      {
        "visibility": "on"
      }
    ]
  },
  {
    "featureType": "landscape.man_made",
    "elementType": "geometry.stroke",
    "stylers": [
      {
        "color": "#000000"
      },
      {
        "weight": 0.5
      }
    ]
  },
  {
    "featureType": "landscape.natural",
    "elementType": "geometry.fill",
    "stylers": [
      {
        "color": "#9fe24a"
      }
    ]
  },
  {
    "featureType": "poi.business",
    "stylers": [
      {
        "visibility": "off"
      }
    ]
  },
  {
    "featureType": "poi.park",
    "elementType": "geometry.fill",
    "stylers": [
      {
        "color": "#9fe24a"
      }
    ]
  },
  {
    "featureType": "poi.park",
    "elementType": "labels.text",
    "stylers": [
      {
        "visibility": "off"
      }
    ]
  },
  {
    "featureType": "poi.school",
    "elementType": "geometry.fill",
    "stylers": [
      {
        "color": "#80b7ff"
      }
    ]
  },
  {
    "featureType": "poi.sports_complex",
    "elementType": "geometry.fill",
    "stylers": [
      {
        "color": "#9fe24a"
      }
    ]
  },
  {
    "featureType": "road",
    "elementType": "geometry.fill",
    "stylers": [
      {
        "color": "#ffffff"
      }
    ]
  },
  {
    "featureType": "road",
    "elementType": "geometry.stroke",
    "stylers": [
      {
        "color": "#000000"
      },
      {
        "weight": 1
      }
    ]
  },
  {
    "featureType": "transit.line",
    "elementType": "geometry.fill",
    "stylers": [
      {
        "color": "#ff1f1f"
      },
      {
        "visibility": "off"
      }
    ]
  },
  {
    "featureType": "transit.station",
    "elementType": "labels",
    "stylers": [
      {
        "visibility": "off"
      }
    ]
  },
  {
    "featureType": "water",
    "elementType": "geometry.fill",
    "stylers": [
      {
        "color": "#63aae6"
      }
    ]
  }
]